salaidhlatrina81@muic.mahidol.ac.th,12
gailnattie14@gretsauniversity.ac.ke,12
gabiecalia82@clarendoncollege.edu,64
melessagarin47@univ-ndere.cm,64
perlegrenier83@imsciences.edu.pk,23
fanechkazacharias79@laurentian.ca,23
kippeyla68@tcnj.edu,16
batshevahumfrid77@smumn.edu,16
hollyannephotina40@bamu.net,98
bernadinesylas74@nmsu.edu,98
bernadinesylas74@nmsu.edu,88
elinoregipsy63@uvt.ro,88
lisetteglynn52@hannam.ac.kr,91
birgitendo95@christuniversity.in,91
narikosteinman34@wsp.zgora.pl,36
fanechkazacharias79@laurentian.ca,36
hollyanneseen16@ucn.cl,14
agacejollanta22@miu.ac.ir,14
lyndelltorruella27@byuh.edu,93
myrandapolk55@agnesscott.edu,93
minnaneysa90@bckv.edu.in,82
lilarchibald94@nscc.edu,82
elwiraemlynne98@njcu.edu,42
ailynjuna86@unnes.ac.id,42
carilynshantha8@udistrital.edu.co,52
lettieliza7@hva.nl,52
joaniedamicke78@ui.edu.ng,25
agacejollanta22@miu.ac.ir,25
carmeltanya17@ugrancolombia.edu.co,100
lyndelltorruella27@byuh.edu,100
janevamelisse28@trcc.edu,79
lettieliza7@hva.nl,79
herthaarleyne89@uct.ac.za,13
corisssergu50@ifmo.ru,13
melessagarin47@univ-ndere.cm,10
alyssronna15@digipen.edu,10
valentineagneta64@sustc.edu.cn,44
doniaboot24@srisathyasai.org.in,44
nikolettaburwell51@uestc.edu.cn,8
melisaashman23@aloma.edu,8
herthaarleyne89@uct.ac.za,41
umekohinson58@tcue.ac.jp,41
dorolicevivica49@tcd.ie,38
gabiecalia82@clarendoncollege.edu,38
dorolicevivica49@tcd.ie,39
lilarchibald94@nscc.edu,39
kippeyla68@tcnj.edu,87
dollyreta62@acu.edu,87
lurlinepanter75@faytechcc.edu,6
oliviahickie70@mmu.ac.uk,6
ruthimenis29@alyamamah.edu.sa,2
sheryllinda31@rectorat-uh2c.ac.ma,2
dollyreta62@acu.edu,71
cherisezinnes39@semyung.ac.kr,71
nikanikiwilling44@unermb.edu.ve,62
birgitendo95@christuniversity.in,62
nikanikiwilling44@unermb.edu.ve,29
pauliebeedon37@fresnostate.edu,29
mitzielfrieda25@htwm.de,59
lyndelltorruella27@byuh.edu,59
arlinetess56@geneseo.edu,95
babskahlil67@hhu.edu.cn,95
elsibolitho80@yangtzeu.edu.cn,32
umekohinson58@tcue.ac.jp,32
haletteburrell65@police.ac.kr,45
henkadaigle76@hbu.edu.cn,45
salaidhlatrina81@muic.mahidol.ac.th,65
darryltiga36@udoym.edu.do,65
pauliebeedon37@fresnostate.edu,66
dulcirosabelle69@ibp-moscow.ru,66
gabiecalia82@clarendoncollege.edu,97
myrlemcwilliams5@uiu.edu,97
mitzielfrieda25@htwm.de,5
carolinefortunio19@nus.edu,5
perlegrenier83@imsciences.edu.pk,92
gladilina30@byuh.edu,92
carmeltanya17@ugrancolombia.edu.co,80
farandfaina2@mmu.edu.my,80
charmainaurthur26@upv.es,4
perrineapollus84@dhbw.de,4
joniwillette66@khuisf.ac.ir,11
lilarchibald94@nscc.edu,11
bernadinesylas74@nmsu.edu,17
dasyahaily85@unjani.ac.id,17
lurlinepanter75@faytechcc.edu,86
jolettaworden59@lamp.ac.uk,86
mairekarna97@esiee.fr,61
rosecarmena57@fpu.ac.jp,61
mabelengle38@sstu.samara.ru,60
helen-elizabethwester71@mst.edu,60
tamaraschellens53@gift.edu.pk,34
teresinasaltsman13@iauba.ac.ir,34
joniwillette66@khuisf.ac.ir,72
joaniedamicke78@ui.edu.ng,72
esmeraldasabian10@szu.edu.cn,67
oliviahickie70@mmu.ac.uk,67
carmeltanya17@ugrancolombia.edu.co,74
gladilina30@byuh.edu,74
lexinesedgewick72@zjfc.edu.cn,40
fanechkazacharias79@laurentian.ca,40
koressatabb43@coloradocollege.edu,89
pauliebeedon37@fresnostate.edu,89
farandfaina2@mmu.edu.my,94
helen-elizabethwester71@mst.edu,94
carmeliaiila45@kuim.edu.my,81
alyssronna15@digipen.edu,81
callaxanthus96@ens.fr,78
nikanikiwilling44@unermb.edu.ve,78
arlinetess56@geneseo.edu,20
nikolettaburwell51@uestc.edu.cn,20
charmainaurthur26@upv.es,35
henkadaigle76@hbu.edu.cn,35
cristifaria88@unak.is,30
rorinatale33@uigv.edu.pe,30
valentineagneta64@sustc.edu.cn,9
ruthimenis29@alyamamah.edu.sa,9
salaidhlatrina81@muic.mahidol.ac.th,1
juliettacolwin42@kwu.edu,1
doniaboot24@srisathyasai.org.in,48
carmeltanya17@ugrancolombia.edu.co,48
gabbeypruchno32@monmouthcollege.edu,53
alyssronna15@digipen.edu,53
elinoregipsy63@uvt.ro,84
myrandapolk55@agnesscott.edu,84
corisssergu50@ifmo.ru,27
shawnjuliette21@essec.fr,27
lyndelltorruella27@byuh.edu,46
lisetteglynn52@hannam.ac.kr,46
leeannowen18@unigre.urbe.it,55
cherisezinnes39@semyung.ac.kr,55
kakalinagetraer99@uncen.ac.id,96
roselinefrohne93@sejong.ac.kr,96
lexinesedgewick72@zjfc.edu.cn,85
rodinasontag61@sustech.edu,85
graciamelan46@ukc.ac.uk,21
helen-elizabethwester71@mst.edu,21
bunniemuraida4@summitunivofla.edu,70
oliviahickie70@mmu.ac.uk,70
bekkibancroft54@entpe.fr,47
gailnattie14@gretsauniversity.ac.ke,47
arlinetess56@geneseo.edu,19
dulcirosabelle69@ibp-moscow.ru,19
esmeraldasabian10@szu.edu.cn,26
lyndelltorruella27@byuh.edu,26
nikolettaburwell51@uestc.edu.cn,24
rianonbettina12@ucv.edu.ph,24
josefanatascha91@clemson.edu,7
roselinefrohne93@sejong.ac.kr,7
chickygilles11@csc.edu,73
janevamelisse28@trcc.edu,73
ardamoth0@mendelu.cz,77
mabelengle38@sstu.samara.ru,77
hollyannephotina40@bamu.net,63
elwiraemlynne98@njcu.edu,63
rorinatale33@uigv.edu.pe,50
gabiecalia82@clarendoncollege.edu,50
bernadinesylas74@nmsu.edu,15
alyssronna15@digipen.edu,15
esmeraldasabian10@szu.edu.cn,57
birgitendo95@christuniversity.in,57
charmainaurthur26@upv.es,51
lisetteglynn52@hannam.ac.kr,51
ardamoth0@mendelu.cz,75
nikolettaburwell51@uestc.edu.cn,75
carilynshantha8@udistrital.edu.co,43
myrlemcwilliams5@uiu.edu,43
elwiraemlynne98@njcu.edu,68
josefanatascha91@clemson.edu,68
janevamelisse28@trcc.edu,76
fanechkazacharias79@laurentian.ca,76
juliettacolwin42@kwu.edu,58
marlieblaze20@unnes.ac.id,58
elsibolitho80@yangtzeu.edu.cn,18
tamaraschellens53@gift.edu.pk,18
elsibolitho80@yangtzeu.edu.cn,33
batshevahumfrid77@smumn.edu,33
helen-elizabethwester71@mst.edu,90
sheryllinda31@rectorat-uh2c.ac.ma,90
carilynshantha8@udistrital.edu.co,37
farandfaina2@mmu.edu.my,37
lurlinepanter75@faytechcc.edu,99
carmeliaiila45@kuim.edu.my,99
gabbeypruchno32@monmouthcollege.edu,3
perlegrenier83@imsciences.edu.pk,3
teresinasaltsman13@iauba.ac.ir,83
ailynjuna86@unnes.ac.id,83
corisssergu50@ifmo.ru,54
carolinefortunio19@nus.edu,54
lillispersas73@basu.ac.ir,31
rianonbettina12@ucv.edu.ph,31
adelaidacastro41@udmercy.edu,49
chickygilles11@csc.edu,49
mitzielfrieda25@htwm.de,56
dollyreta62@acu.edu,56
nikanikiwilling44@unermb.edu.ve,69
graciamelan46@ukc.ac.uk,69
narikosteinman34@wsp.zgora.pl,22
oliviahickie70@mmu.ac.uk,22
dorolicevivica49@tcd.ie,28
elinoregipsy63@uvt.ro,28
ardamoth0@mendelu.cz,89
ardamoth0@mendelu.cz,15
carleenbasham1@hik.se,73
carleenbasham1@hik.se,42
farandfaina2@mmu.edu.my,7
farandfaina2@mmu.edu.my,83
gustacunningham3@hec.ac.ma,28
gustacunningham3@hec.ac.ma,70
bunniemuraida4@summitunivofla.edu,17
bunniemuraida4@summitunivofla.edu,54
myrlemcwilliams5@uiu.edu,28
myrlemcwilliams5@uiu.edu,80
robinfranz6@icu.ac.kr,2
robinfranz6@icu.ac.kr,99
lettieliza7@hva.nl,75
lettieliza7@hva.nl,87
carilynshantha8@udistrital.edu.co,20
carilynshantha8@udistrital.edu.co,31
merlromelda9@hi-tech.ac.jp,1
merlromelda9@hi-tech.ac.jp,39
esmeraldasabian10@szu.edu.cn,73
esmeraldasabian10@szu.edu.cn,71
chickygilles11@csc.edu,22
chickygilles11@csc.edu,100
rianonbettina12@ucv.edu.ph,63
rianonbettina12@ucv.edu.ph,32
teresinasaltsman13@iauba.ac.ir,22
teresinasaltsman13@iauba.ac.ir,68
gailnattie14@gretsauniversity.ac.ke,69
gailnattie14@gretsauniversity.ac.ke,61
alyssronna15@digipen.edu,14
alyssronna15@digipen.edu,23
hollyanneseen16@ucn.cl,53
hollyanneseen16@ucn.cl,50
carmeltanya17@ugrancolombia.edu.co,22
carmeltanya17@ugrancolombia.edu.co,53
leeannowen18@unigre.urbe.it,28
leeannowen18@unigre.urbe.it,87
carolinefortunio19@nus.edu,69
carolinefortunio19@nus.edu,59
marlieblaze20@unnes.ac.id,73
marlieblaze20@unnes.ac.id,67
shawnjuliette21@essec.fr,29
shawnjuliette21@essec.fr,91
agacejollanta22@miu.ac.ir,66
agacejollanta22@miu.ac.ir,33
melisaashman23@aloma.edu,24
melisaashman23@aloma.edu,38
doniaboot24@srisathyasai.org.in,1
doniaboot24@srisathyasai.org.in,3
mitzielfrieda25@htwm.de,64
mitzielfrieda25@htwm.de,63
charmainaurthur26@upv.es,94
charmainaurthur26@upv.es,31
lyndelltorruella27@byuh.edu,56
lyndelltorruella27@byuh.edu,80
janevamelisse28@trcc.edu,70
janevamelisse28@trcc.edu,91
ruthimenis29@alyamamah.edu.sa,23
gladilina30@byuh.edu,96
gladilina30@byuh.edu,32
sheryllinda31@rectorat-uh2c.ac.ma,73
sheryllinda31@rectorat-uh2c.ac.ma,86
gabbeypruchno32@monmouthcollege.edu,24
gabbeypruchno32@monmouthcollege.edu,20
rorinatale33@uigv.edu.pe,21
rorinatale33@uigv.edu.pe,16
narikosteinman34@wsp.zgora.pl,51
narikosteinman34@wsp.zgora.pl,7
ceceliasussman35@stfrancis.edu,11
ceceliasussman35@stfrancis.edu,10
darryltiga36@udoym.edu.do,60
darryltiga36@udoym.edu.do,88
pauliebeedon37@fresnostate.edu,1
pauliebeedon37@fresnostate.edu,58
mabelengle38@sstu.samara.ru,40
mabelengle38@sstu.samara.ru,27
cherisezinnes39@semyung.ac.kr,85
cherisezinnes39@semyung.ac.kr,36
hollyannephotina40@bamu.net,76
hollyannephotina40@bamu.net,58
adelaidacastro41@udmercy.edu,89
adelaidacastro41@udmercy.edu,39
juliettacolwin42@kwu.edu,37
juliettacolwin42@kwu.edu,78
koressatabb43@coloradocollege.edu,94
koressatabb43@coloradocollege.edu,59
nikanikiwilling44@unermb.edu.ve,66
nikanikiwilling44@unermb.edu.ve,8
carmeliaiila45@kuim.edu.my,16
carmeliaiila45@kuim.edu.my,70
graciamelan46@ukc.ac.uk,13
graciamelan46@ukc.ac.uk,95
melessagarin47@univ-ndere.cm,82
melessagarin47@univ-ndere.cm,68
miquelarooker48@tezukayama-u.ac.jp,96
miquelarooker48@tezukayama-u.ac.jp,71
dorolicevivica49@tcd.ie,93
dorolicevivica49@tcd.ie,22
corisssergu50@ifmo.ru,75
corisssergu50@ifmo.ru,5
nikolettaburwell51@uestc.edu.cn,73
nikolettaburwell51@uestc.edu.cn,84
lisetteglynn52@hannam.ac.kr,2
lisetteglynn52@hannam.ac.kr,49
tamaraschellens53@gift.edu.pk,70
tamaraschellens53@gift.edu.pk,57
bekkibancroft54@entpe.fr,53
bekkibancroft54@entpe.fr,58
myrandapolk55@agnesscott.edu,98
myrandapolk55@agnesscott.edu,46
arlinetess56@geneseo.edu,22
arlinetess56@geneseo.edu,46
rosecarmena57@fpu.ac.jp,44
rosecarmena57@fpu.ac.jp,78
umekohinson58@tcue.ac.jp,2
umekohinson58@tcue.ac.jp,49
jolettaworden59@lamp.ac.uk,22
jolettaworden59@lamp.ac.uk,27
gretchenemmalee60@spcc.edu,6
gretchenemmalee60@spcc.edu,67
rodinasontag61@sustech.edu,38
rodinasontag61@sustech.edu,67
dollyreta62@acu.edu,17
dollyreta62@acu.edu,34
elinoregipsy63@uvt.ro,24
elinoregipsy63@uvt.ro,69
valentineagneta64@sustc.edu.cn,10
valentineagneta64@sustc.edu.cn,65
haletteburrell65@police.ac.kr,98
haletteburrell65@police.ac.kr,49
joniwillette66@khuisf.ac.ir,71
joniwillette66@khuisf.ac.ir,19
babskahlil67@hhu.edu.cn,9
babskahlil67@hhu.edu.cn,33
kippeyla68@tcnj.edu,43
kippeyla68@tcnj.edu,57
dulcirosabelle69@ibp-moscow.ru,86
dulcirosabelle69@ibp-moscow.ru,1
oliviahickie70@mmu.ac.uk,43
oliviahickie70@mmu.ac.uk,84
helen-elizabethwester71@mst.edu,37
helen-elizabethwester71@mst.edu,33
lexinesedgewick72@zjfc.edu.cn,6
lexinesedgewick72@zjfc.edu.cn,7
lillispersas73@basu.ac.ir,2
lillispersas73@basu.ac.ir,91
bernadinesylas74@nmsu.edu,12
bernadinesylas74@nmsu.edu,34
lurlinepanter75@faytechcc.edu,89
henkadaigle76@hbu.edu.cn,30
henkadaigle76@hbu.edu.cn,19
batshevahumfrid77@smumn.edu,21
batshevahumfrid77@smumn.edu,39
joaniedamicke78@ui.edu.ng,55
joaniedamicke78@ui.edu.ng,69
fanechkazacharias79@laurentian.ca,58
fanechkazacharias79@laurentian.ca,67
elsibolitho80@yangtzeu.edu.cn,40
elsibolitho80@yangtzeu.edu.cn,25
salaidhlatrina81@muic.mahidol.ac.th,73
salaidhlatrina81@muic.mahidol.ac.th,41
gabiecalia82@clarendoncollege.edu,29
gabiecalia82@clarendoncollege.edu,47
perlegrenier83@imsciences.edu.pk,100
perlegrenier83@imsciences.edu.pk,36
perrineapollus84@dhbw.de,56
perrineapollus84@dhbw.de,64
dasyahaily85@unjani.ac.id,64
dasyahaily85@unjani.ac.id,19
ailynjuna86@unnes.ac.id,34
ailynjuna86@unnes.ac.id,33
renelleroshelle87@lcc.lt,30
renelleroshelle87@lcc.lt,17
cristifaria88@unak.is,72
cristifaria88@unak.is,79
herthaarleyne89@uct.ac.za,60
minnaneysa90@bckv.edu.in,40
minnaneysa90@bckv.edu.in,20
josefanatascha91@clemson.edu,34
josefanatascha91@clemson.edu,26
chickyhusain92@wuhee.edu.cn,55
chickyhusain92@wuhee.edu.cn,21
roselinefrohne93@sejong.ac.kr,45
roselinefrohne93@sejong.ac.kr,9
lilarchibald94@nscc.edu,21
lilarchibald94@nscc.edu,94
birgitendo95@christuniversity.in,39
birgitendo95@christuniversity.in,87
callaxanthus96@ens.fr,45
callaxanthus96@ens.fr,71
mairekarna97@esiee.fr,51
mairekarna97@esiee.fr,91
elwiraemlynne98@njcu.edu,36
elwiraemlynne98@njcu.edu,67
kakalinagetraer99@uncen.ac.id,9
kakalinagetraer99@uncen.ac.id,100
